{"cameraMode":{"drawMode":0,"name":"Shaded","section":"Shading Mode"},"sceneLighting":true,"audioPlay":false,"sceneViewState":{"m_AlwaysRefresh":false,"showFog":true,"showSkybox":true,"showFlares":true,"showImageEffects":true,"showParticleSystems":true,"showVisualEffectGraphs":true,"m_FxEnabled":true},"in2DMode":false,"pivot":{"x":437.14251708984377,"y":249.49842834472657,"z":-357.7287292480469},"rotation":{"x":0.03149493783712387,"y":0.0009104279452003539,"z":-0.00002490788756404072,"w":0.9995089769363403},"size":1.1286593675613404,"orthographic":false}